{
  "state": {
    "isStdOutTTY": false,
    "isStdErrTTY": false,
    "testRunDurationMs": 290466.256
  },
  "metrics": {
    "http_req_blocked": {
      "type": "trend",
      "contains": "time",
      "values": {
        "avg": 78.11783408919734,
        "min": 0,
        "med": 0.001,
        "p(90)": 0.005,
        "p(95)": 0.191,
        "p(99)": 3934.59908,
        "max": 5860.893
      }
    },
    "endpoint_get_products_regex_filters_ms": {
      "type": "trend",
      "contains": "time",
      "values": {
        "p(90)": 13461.689,
        "p(95)": 21784.728,
        "p(99)": 28138.428,
        "max": 41181.705,
        "avg": 7347.546151232526,
        "min": 23.663,
        "med": 6937.299
      }
    },
    "iteration_duration": {
      "type": "trend",
      "contains": "time",
      "values": {
        "p(99)": 137090.85933377998,
        "max": 139379.388708,
        "avg": 33739.16301299835,
        "min": 1148.832041,
        "med": 21234.2082915,
        "p(90)": 120896.2021044,
        "p(95)": 135007.4626128
      }
    },
    "endpoint_post_auth_login_ms": {
      "type": "trend",
      "contains": "time",
      "values": {
        "max": 50400.006,
        "avg": 12150.617856454726,
        "min": 230.774,
        "med": 7124.277,
        "p(90)": 29784.7234,
        "p(95)": 43484.43765,
        "p(99)": 45841.27833
      }
    },
    "endpoint_get_health_ms": {
      "type": "trend",
      "contains": "time",
      "values": {
        "med": 273.3055,
        "p(90)": 7022.737000000002,
        "p(95)": 21464.668499999996,
        "p(99)": 24468.8551,
        "max": 25129.21,
        "avg": 2891.825041773778,
        "min": 0
      }
    },
    "endpoint_get_auth_me_ms": {
      "type": "trend",
      "contains": "time",
      "values": {
        "p(90)": 26970.7516,
        "p(95)": 28253.242,
        "p(99)": 31638.62388,
        "max": 38557.757,
        "avg": 7762.620648902825,
        "min": 23.474,
        "med": 2298.918
      }
    },
    "http_req_tls_handshaking": {
      "type": "trend",
      "contains": "time",
      "values": {
        "avg": 0,
        "min": 0,
        "med": 0,
        "p(90)": 0,
        "p(95)": 0,
        "p(99)": 0,
        "max": 0
      }
    },
    "endpoint_get_products_category_ms": {
      "type": "trend",
      "contains": "time",
      "values": {
        "p(95)": 28105.412,
        "p(99)": 31518.3265,
        "max": 41080.95,
        "avg": 11464.649530144172,
        "min": 24.312,
        "med": 8631.249,
        "p(90)": 27874.8485
      }
    },
    "data_received": {
      "type": "counter",
      "contains": "data",
      "values": {
        "count": 68029332,
        "rate": 234207.34971707006
      }
    },
    "http_req_duration{expected_response:true}": {
      "type": "trend",
      "contains": "time",
      "values": {
        "med": 3189.229,
        "p(90)": 26060.4,
        "p(95)": 28140.069499999998,
        "p(99)": 45067.30909999995,
        "max": 55027.369,
        "avg": 8688.467531701977,
        "min": 0.1
      }
    },
    "http_req_sending": {
      "contains": "time",
      "values": {
        "max": 8011.239,
        "avg": 5.810942781556738,
        "min": 0,
        "med": 0.004,
        "p(90)": 0.015,
        "p(95)": 0.026,
        "p(99)": 0.055
      },
      "type": "trend"
    },
    "http_reqs": {
      "type": "counter",
      "contains": "default",
      "values": {
        "count": 13230,
        "rate": 45.547459392322665
      }
    },
    "http_req_duration": {
      "type": "trend",
      "contains": "time",
      "values": {
        "avg": 8401.722203023432,
        "min": 0,
        "med": 2871.9245,
        "p(90)": 25199.3632,
        "p(95)": 28133.495049999998,
        "p(99)": 44919.86726,
        "max": 55027.369
      },
      "thresholds": {
        "p(95)<2000": {
          "ok": false
        }
      }
    },
    "data_sent": {
      "type": "counter",
      "contains": "data",
      "values": {
        "count": 3070897,
        "rate": 10572.30207146678
      }
    },
    "vus": {
      "type": "gauge",
      "contains": "default",
      "values": {
        "min": 1,
        "max": 1000,
        "value": 18
      }
    },
    "iterations": {
      "type": "counter",
      "contains": "default",
      "values": {
        "count": 610,
        "rate": 2.1000718238334715
      }
    },
    "endpoint_get_products_ms": {
      "values": {
        "avg": 5654.233109324758,
        "min": 0,
        "med": 2175.705,
        "p(90)": 17215.0936,
        "p(95)": 24908.4463,
        "p(99)": 30252.7463,
        "max": 38041.473
      },
      "type": "trend",
      "contains": "time"
    },
    "endpoint_get_auth_body_photo_ms": {
      "type": "trend",
      "contains": "time",
      "values": {
        "avg": 12022.967816759763,
        "min": 47.117,
        "med": 2966.578,
        "p(90)": 28991.514600000002,
        "p(95)": 42767.366,
        "p(99)": 50973.22003999999,
        "max": 55027.369
      }
    },
    "group_duration": {
      "type": "trend",
      "contains": "time",
      "values": {
        "avg": 33922.59849009135,
        "min": 95.543292,
        "med": 10083.369125,
        "p(90)": 93133.8212169,
        "p(95)": 101344.20356935,
        "p(99)": 106217.88739542999,
        "max": 117714.261
      }
    },
    "endpoint_get_product_detail_ms": {
      "type": "trend",
      "contains": "time",
      "values": {
        "max": 41181.778,
        "avg": 7253.799068363644,
        "min": 23.543,
        "med": 6597.398,
        "p(90)": 15163.503799999999,
        "p(95)": 22571.4484,
        "p(99)": 38146.87622
      }
    },
    "checks": {
      "values": {
        "rate": 0.9668153299569129,
        "passes": 12790,
        "fails": 439
      },
      "thresholds": {
        "rate>0.95": {
          "ok": true
        }
      },
      "type": "rate",
      "contains": "default"
    },
    "http_req_waiting": {
      "type": "trend",
      "contains": "time",
      "values": {
        "max": 55027.351,
        "avg": 8395.890944671208,
        "min": 0,
        "med": 2871.913,
        "p(90)": 25199.3419,
        "p(95)": 28133.479049999998,
        "p(99)": 44919.84284
      }
    },
    "http_req_receiving": {
      "type": "trend",
      "contains": "time",
      "values": {
        "max": 0.795,
        "avg": 0.020315570672713043,
        "min": 0,
        "med": 0.014,
        "p(90)": 0.042,
        "p(95)": 0.054,
        "p(99)": 0.09570999999999988
      }
    },
    "endpoint_get_tryons_ms": {
      "type": "trend",
      "contains": "time",
      "values": {
        "p(95)": 51981.41735,
        "p(99)": 53335.18541,
        "max": 55027.28,
        "avg": 10656.302176470595,
        "min": 46.883,
        "med": 2235.9049999999997,
        "p(90)": 42767.2779
      }
    },
    "http_req_failed": {
      "type": "rate",
      "contains": "default",
      "values": {
        "fails": 12791,
        "rate": 0.033182161753590324,
        "passes": 439
      },
      "thresholds": {
        "rate<0.05": {
          "ok": true
        }
      }
    },
    "endpoint_get_tryons_cache_ms": {
      "type": "trend",
      "contains": "time",
      "values": {
        "p(90)": 28409.8757,
        "p(95)": 39268.11385,
        "p(99)": 52014.696379999994,
        "max": 54924.841,
        "avg": 7404.7743770491825,
        "min": 47.433,
        "med": 2047.3115
      }
    },
    "vus_max": {
      "values": {
        "max": 1000,
        "value": 1000,
        "min": 1000
      },
      "type": "gauge",
      "contains": "default"
    },
    "http_req_connecting": {
      "type": "trend",
      "contains": "time",
      "values": {
        "min": 0,
        "med": 0,
        "p(90)": 0,
        "p(95)": 0.163,
        "p(99)": 3934.58179,
        "max": 5860.867,
        "avg": 78.11374777021918
      }
    },
    "endpoint_get_products_search_ms": {
      "type": "trend",